{
  "affiliates": [
    {
      "xpectofields": [],
      "person": {
        "type": 1,
        "companyname": "xpecto AG",
        "salutation": "Herr",
        "forename": "Harald",
        "surname": "Elsperger",
        "street": "Benzstr. 13",
        "zip": "84030",
        "city": "Landshut",
        "country": "DE",
        "birthdate": "1930-03-20",
        "birthplace": "Straubing",
        "birthcountry": "DE",
        "position": "Vorstand",
        "emailpriv": "harald.elsperger@xpecto.com",
        "mobilepriv": "+49 176 20000000",
        "phonepriv": [],
        "phone": [
          "+49 871 276710"
        ],
        "maritalstatus": 0,
        "xpectofields": [],
        "bankaccounts": [
          {
            "accountholder": "Harald Elsperger",
            "bic": "GENODEF1ERG",
            "iban": "DE65743690880000111111",
            "bank": "Raiffeisenbank Landshut",
            "country": "DE",
            "currency": "EUR",
            "sharedaccount": false,
            "type": "0",
            "xpectofields": [],
            "usages": [],
            "customfields": [],
            "key": "KT00000000002",
            "modified": "2022-10-04T15:22:47Z"
          }
        ],
        "wallets": [],
        "identifications": [
          {
            "documentnr": "LFR9999PR",
            "documenttype": 1,
            "validfrom": "2010-11-12",
            "validuntil": "2020-11-11",
            "issuer": "Stadt Landshut",
            "verified": [
              5
            ],
            "submitted": "2016-09-29T00:00:00Z",
            "code": "3N6ASDFASADFZFZE",
            "xpectofields": [],
            "customfields": [],
            "key": "ID000000000000002",
            "modified": "2022-10-04T15:22:48Z"
          }
        ],
        "subpersons": [],
        "events": [],
        "properties": [],
        "customfields": [
          {
            "name": "comment",
            "value": ""
          }
        ],
        "customobjects": [],
        "key": "P0000000000003",
        "modified": "2022-10-04T15:22:46Z"
      },
      "events": [
        {
          "date": "2016-09-29T00:00:00Z",
          "category": "Vertrag",
          "subject": "Vertriebspartnervertrag",
          "file": "Vertrag.pdf",
          "public": true,
          "xpectofields": [],
          "customfields": [],
          "key": "E000000000000013",
          "modified": "2022-10-04T15:22:51Z"
        }
      ],
      "properties": [],
      "customfields": [],
      "customobjects": [],
      "key": "V000000000001",
      "modified": "2022-10-04T15:22:49Z"
    }
  ]
}