<?xml version="1.0" encoding="utf-8" standalone="no"?>
<investments xmlns="https://xpecto.com/opendata/schemas/investments/v2">
	<contract key="V1000000000001" modified="2019-01-01T12:00:00">
		<product>TRI-2-Test</product>
		<contractno>V1000000000001</contractno>
		<affiliate></affiliate>
		<agio>100.00</agio>
		<agiodiscountaf>0.00</agiodiscountaf>
		<share>10000.00</share>
		<interestrate>5.00</interestrate>
		<signed>2016-01-01</signed>
		<start>2016-01-01</start>
		<customer key="K0000000000001" modified="2019-01-01T12:00:00">
			<pwd>$BCRYPT$2a$06$mvN.utt6bxP8pIPFr5v2Cua.6A2JpcFN0tchEcgvwbpowc25FOfZ.</pwd>
			<person key="P0000000000001" modified="2019-01-01T12:00:00">
				<type>0</type>
				<salutation>Herr</salutation>
				<forename>Max</forename>
				<surname>Mustermann</surname>
				<street>Musterstraße 12</street>
				<zip>12345</zip>
				<city>Musterstadt</city>
				<country>DE</country>
				<birthdate>1980-01-01</birthdate>
				<birthplace>Musterstadt</birthplace>
				<birthcountry>DE</birthcountry>
				<position>Arbeiter</position>
				<emailpriv>max.mustermann@example.com</emailpriv>
				<mobilepriv>+49 160 100200300</mobilepriv>
				<maritalstatus>1</maritalstatus>
				<education>Abi</education>
				<bankaccount key="KT00000000001" modified="2019-01-01T12:00:00">
					<accountholder>Mustermann, Max</accountholder>
					<bic>HYVEDEMM</bic>
					<iban>DE02700202700010108669</iban>
					<bank>UNICREDIT BANK - HYPOVEREINSBANK</bank>
					<country>DE</country>
					<currency>EUR</currency>
					<sharedaccount>false</sharedaccount>
					<type>0</type>
				</bankaccount>
				<identification key="ID000000000000001" modified="2016-09-29T17:45:37">
					<documentnr>LFR9999PR</documentnr>
					<documenttype>1</documenttype>
					<validfrom>2010-11-12</validfrom>
					<validuntil>2020-11-11</validuntil>
					<issuer>Stadt Landshut</issuer>
					<verified>5</verified>
					<submitted>2016-09-29T00:00:00</submitted>
					<code>3N6ASDFASADFZFZF</code>
				</identification>
				<subperson>
					<role>60</role>
					<person key="P0000000000002" modified="2019-01-01T12:00:00">
						<type>0</type>
						<salutation>Herr</salutation>
						<forename>Max</forename>
						<surname>Meier</surname>
						<street>Mustergasse 5</street>
						<zip>12345</zip>
						<city>Musterstadt</city>
						<country>DE</country>
						<birthdate>1970-01-01</birthdate>
						<emailpriv>max.meier@example.com</emailpriv>
						<maritalstatus>0</maritalstatus>
					</person>
				</subperson>
				<event key="E000000000000001" modified="2019-01-01T12:00:00">
					<date>2018-10-04T00:00:00</date>
					<category>Legitimation</category>
					<subject>Legitimation  POSTIDENT</subject>
					<file>files\E100000000000001_result.pdf</file>
					<public>false</public>
				</event>
			</person>
			<investmentsurvey key="I000000000000001" modified="2019-01-01T12:00:00">
				<date>2018-10-03</date>
				<investmentexperience>
					<type>0</type>
					<knowledge>true</knowledge>
					<experience>greater than 5 years</experience>
				</investmentexperience>
				<investmentexperience>
					<type>1</type>
					<knowledge>true</knowledge>
					<experience>greater than 5 years</experience>
				</investmentexperience>
				<investmentexperience>
					<type>2</type>
					<knowledge>true</knowledge>
					<experience>greater than 5 years</experience>
				</investmentexperience>
				<investmentexperience>
					<type>3</type>
					<knowledge>true</knowledge>
					<experience>greater than 5 years</experience>
				</investmentexperience>
				<investmentexperience>
					<type>4</type>
					<knowledge>true</knowledge>
					<experience>greater than 5 years</experience>
				</investmentexperience>
				<investmentexperience>
					<type>5</type>
					<knowledge>true</knowledge>
					<experience>greater than 5 years</experience>
				</investmentexperience>
				<investmentexperience>
					<type>7</type>
					<knowledge>true</knowledge>
					<experience>greater than 5 years</experience>
				</investmentexperience>
				<investmentexperience>
					<type>11</type>
					<knowledge>true</knowledge>
					<experience>greater than 5 years</experience>
				</investmentexperience>
				<investmentexperience>
					<type>12</type>
					<knowledge>true</knowledge>
					<experience>greater than 5 years</experience>
				</investmentexperience>
				<investmentexperience>
					<type>18</type>
					<knowledge>true</knowledge>
					<experience>greater than 5 years</experience>
				</investmentexperience>
				<serviceexperience>
					<type>0</type>
					<experience>greater than 5 years</experience>
				</serviceexperience>
				<serviceexperience>
					<type>1</type>
					<experience>greater than 5 years</experience>
				</serviceexperience>
				<avgyearlytransactions>11</avgyearlytransactions>
				<avgtransactionvalue>10000</avgtransactionvalue>
			</investmentsurvey>
			<event key="E000000000000002" modified="2019-01-01T12:00:00">
				<date>2016-01-01T00:00:00</date>
				<category>Vermittlungsvertrag</category>
				<subject>Vermittlungsvertrag</subject>
				<file>files\E100000000000002_Rahmenvermittlungsvertrag.pdf</file>
				<public>true</public>
			</event>
			<event key="E000000000000003" modified="2019-01-01T12:00:00">
				<date>2016-01-01T00:00:00</date>
				<category>Fragebogen31WpHG</category>
				<subject>Fragebogen 31W</subject>
				<file>files\E100000000000003_Fragebogen.pdf</file>
				<public>true</public>
			</event>
			<event key="E000000000000004" modified="2019-01-01T12:00:00">
				<date>2016-01-01T00:00:00</date>
				<category>Fragebogen31WpHG</category>
				<subject>Fragebogen Kenntnisse und Erfahrung</subject>
				<file>files\E100000000000004_Fragebogen.pdf</file>
				<public>true</public>
			</event>
			<event key="E000000000000005" modified="2019-01-01T12:00:00">
				<date>2016-01-01T00:00:00</date>
				<category>Vermittlungsvertrag</category>
				<subject>Rahmenvermittlungsvertrag</subject>
				<file>files\E100000000000005_Rahmenvermittlungsvertrag.pdf</file>
				<public>true</public>
				<comment>Elektronisch befüllt.</comment>
			</event>
			<event key="E000000000000006" modified="2019-01-01T12:00:00">
				<date>2016-01-01T00:00:00</date>
				<category>Info23aKWG</category>
				<subject>23a KWG  Info</subject>
				<file>files\E100000000000006_23a KWG Info.pdf</file>
				<public>true</public>
			</event>
			<event key="E000000000000007" modified="2019-01-01T12:00:00">
				<date>2016-01-01T00:00:00</date>
				<category>Legitimation</category>
				<subject>Legitimation  POSTIDENT</subject>
				<file>files\E100000000000001_result.pdf</file>
				<public>false</public>
			</event>
			<event key="E000000000000009" modified="2019-01-01T12:00:00">
				<date>2016-01-01T00:00:00</date>
				<category>Fragebogen31WpHG</category>
				<subject>Fragebogen 31W</subject>
				<file>files\E100000000000009_Fragebogen.pdf</file>
				<public>true</public>
			</event>
			<event key="E000000000000011" modified="2019-01-01T12:00:00">
				<date>2016-01-01T00:00:00</date>
				<category>Info23aKWG</category>
				<subject>23a KWG  Info</subject>
				<file>files\E100000000000011_23a KWG Info.pdf</file>
				<public>true</public>
			</event>
			<event key="E000000000000012" modified="2019-01-01T12:00:00">
				<date>2016-01-01T00:00:00</date>
				<category>Info23aKWG</category>
				<subject>23a KWG  Info</subject>
				<file>files\E100000000000012_23a KWG Info.pdf</file>
				<public>true</public>
			</event>
			<property key="P000000000000001" modified="2019-01-01T12:00:00">
				<date>2016-01-01T00:00:00</date>
				<property>Vermittlungsvertrag</property>
				<public>false</public>
				<validfrom>2016-01-01</validfrom>
				<comment>Web, IP-Addresse:127.0.0.0</comment>
			</property>
			<property key="P000000000000002" modified="2019-01-01T12:00:00">
				<date>2016-01-01T00:00:00</date>
				<property>AGB</property>
				<public>false</public>
				<validfrom>2016-01-01</validfrom>
				<comment>Web, IP-Addresse:127.0.0.0</comment>
			</property>
			<property key="P000000000000003" modified="2019-01-01T12:00:00">
				<date>2016-01-01T00:00:00</date>
				<property>§23a</property>
				<public>false</public>
				<validfrom>2016-01-01</validfrom>
				<comment>Web, IP-Addresse:127.0.0.0</comment>
			</property>
			<property key="P000000000000004" modified="2019-01-01T12:00:00">
				<date>2016-01-01T00:00:00</date>
				<property>Datenschutzbestimmungen</property>
				<public>false</public>
				<validfrom>2016-01-01</validfrom>
				<comment>Web, IP-Addresse:127.0.0.0</comment>
			</property>
		</customer>
		<event key="E000000000000010" modified="2019-01-01T12:00:00">
			<date>2016-01-01T00:00:00</date>
			<category>Vermittlungsvertrag</category>
			<subject>Vermittlungsvertrag</subject>
			<file>files\E100000000000010_Rahmenvermittlungsvertrag.pdf</file>
			<public>true</public>
		</event>
		<property key="P000000000000005" modified="2019-01-01T12:00:00">
			<date>2016-01-01T00:00:00</date>
			<property>Zeichnung</property>
			<public>false</public>
			<validfrom>2016-01-01</validfrom>
			<comment>Web, IP-Addresse:127.0.0.0</comment>
		</property>
	</contract>
</investments>