<?xml version="1.0" encoding="utf-8" ?>
<affiliates xmlns="https://xpecto.com/opendata/schemas/affiliates/v2">
	<affiliate key="V000000000001" modified="2016-10-05T17:01:01">
		<person key="P0000000000003" modified="2016-10-14T11:22:51">
			<type>1</type>
			<companyname>xpecto AG</companyname>
			<salutation>Herr</salutation>
			<forename>Harald</forename>
			<surname>Elsperger</surname>
			<street>Benzstr. 13</street>
			<zip>84030</zip>
			<city>Landshut</city>
			<country>DE</country>
			<birthdate>1930-03-20</birthdate>
			<birthplace>Straubing</birthplace>
			<birthcountry>DE</birthcountry>
			<position>Vorstand</position>
			<emailpriv>harald.elsperger@xpecto.com</emailpriv>
			<mobilepriv>+49 176 20000000</mobilepriv>
			<phone>+49 871 276710</phone>
			<bankaccount key="KT00000000002" modified="2016-09-29T17:45:37">
				<accountholder>Harald Elsperger</accountholder>
				<bic>GENODEF1ERG</bic>
				<iban>DE65743690880000111111</iban>
				<bank>Raiffeisenbank Landshut</bank>
				<country>DE</country>
				<currency>EUR</currency>
				<sharedaccount>false</sharedaccount>
				<type>0</type>
			</bankaccount>
			<identification key="ID000000000000002" modified="2016-09-29T17:45:37">
				<documentnr>LFR9999PR</documentnr>
				<documenttype>1</documenttype>
				<validfrom>2010-11-12</validfrom>
				<validuntil>2020-11-11</validuntil>
				<issuer>Stadt Landshut</issuer>
				<verified>5</verified>
				<submitted>2016-09-29T00:00:00</submitted>
				<code>3N6ASDFASADFZFZE</code>
			</identification>
		</person>
		<event key="E000000000000013" modified="2016-09-29T17:45:37">
			<date>2016-09-29T00:00:00</date>
			<category>Vertrag</category>
			<subject>Vertriebspartnervertrag</subject>
			<file>Vertrag.pdf</file>
			<public>true</public>
		</event>
	</affiliate>
</affiliates>