{
  "contracts": [
    {
      "product": "TRI-1-Test",
      "contractno": "ZV10008",
      "affiliate": "V000000000001",
      "agio": 100.0,
      "agiodiscountaf": 0.0,
      "share": 10000.0,
      "units": 0.0,
      "interestrate": 5.0,
      "signed": "2016-01-01",
      "start": "2016-01-01",
      "xpectofields": [],
      "customer": {
        "pwd": "$BCRYPT$2a$06$mvN.utt6bxP8pIPFr5v2Cua.6A2JpcFN0tchEcgvwbpowc25FOfZ.",
        "xpectofields": [],
        "person": {
          "type": 0,
          "salutation": "Frau",
          "forename": "Andrea",
          "surname": "Mustermann",
          "street": "Musterstraße 12",
          "zip": "12345",
          "city": "Musterstadt",
          "country": "DE",
          "birthdate": "1980-01-01",
          "birthplace": "Musterstadt",
          "birthcountry": "DE",
          "position": "Arbeiter",
          "emailpriv": "andrea.mustermann@example.com",
          "mobilepriv": "+49 160 100200301",
          "phonepriv": [],
          "phone": [],
          "maritalstatus": 1,
          "education": "Abi",
          "xpectofields": [],
          "bankaccounts": [
            {
              "accountholder": "Mustermann, Andrea",
              "bic": "HASPDEHH",
              "iban": "DE02200505501015871393",
              "bank": "HAMBURGER SPARKASSE",
              "country": "DE",
              "currency": "EUR",
              "sharedaccount": false,
              "type": "0",
              "xpectofields": [],
              "usages": [],
              "customfields": [],
              "key": "KT00000000003",
              "modified": "2022-10-04T15:24:07Z"
            }
          ],
          "wallets": [],
          "identifications": [
            {
              "documentnr": "LFR9999PR",
              "documenttype": 1,
              "validfrom": "2010-11-12",
              "validuntil": "2020-11-11",
              "issuer": "Stadt Landshut",
              "verified": [
                5
              ],
              "submitted": "2016-09-29T00:00:00Z",
              "code": "3N6ASDFASADFZFZF",
              "xpectofields": [],
              "customfields": [],
              "key": "ID000000000000003",
              "modified": "2022-10-04T15:24:07Z"
            }
          ],
          "subpersons": [],
          "events": [
            {
              "date": "2018-10-04T00:00:00Z",
              "category": "Legitimation",
              "subject": "Legitimation  POSTIDENT",
              "file": "files\\E100000000000014_result.pdf",
              "public": false,
              "xpectofields": [],
              "customfields": [],
              "key": "E000000000000014",
              "modified": "2022-10-04T15:24:29Z"
            }
          ],
          "properties": [],
          "customfields": [
            {
              "name": "comment",
              "value": ""
            }
          ],
          "customobjects": [],
          "key": "P0000000000004",
          "modified": "2022-10-04T15:24:06Z"
        },
        "investmentsurveys": [
          {
            "date": "2018-10-03",
            "investmentexperience": [
              {
                "type": 0,
                "knowledge": true,
                "experience": "greater than 5 years"
              },
              {
                "type": 1,
                "knowledge": true,
                "experience": "greater than 5 years"
              },
              {
                "type": 2,
                "knowledge": true,
                "experience": "greater than 5 years"
              },
              {
                "type": 3,
                "knowledge": true,
                "experience": "greater than 5 years"
              },
              {
                "type": 4,
                "knowledge": true,
                "experience": "greater than 5 years"
              },
              {
                "type": 5,
                "knowledge": true,
                "experience": "greater than 5 years"
              },
              {
                "type": 6,
                "knowledge": false,
                "experience": "undefined"
              },
              {
                "type": 7,
                "knowledge": true,
                "experience": "greater than 5 years"
              },
              {
                "type": 8,
                "knowledge": false,
                "experience": "undefined"
              },
              {
                "type": 9,
                "knowledge": false,
                "experience": "undefined"
              },
              {
                "type": 10,
                "knowledge": false,
                "experience": "undefined"
              },
              {
                "type": 11,
                "knowledge": true,
                "experience": "greater than 5 years"
              },
              {
                "type": 12,
                "knowledge": true,
                "experience": "greater than 5 years"
              },
              {
                "type": 13,
                "knowledge": false,
                "experience": "undefined"
              },
              {
                "type": 14,
                "knowledge": false,
                "experience": "undefined"
              },
              {
                "type": 15,
                "knowledge": false,
                "experience": "undefined"
              },
              {
                "type": 16,
                "knowledge": false,
                "experience": "undefined"
              },
              {
                "type": 17,
                "knowledge": false,
                "experience": "undefined"
              },
              {
                "type": 18,
                "knowledge": true,
                "experience": "greater than 5 years"
              },
              {
                "type": 19,
                "knowledge": false,
                "experience": "undefined"
              },
              {
                "type": 20,
                "knowledge": false,
                "experience": "undefined"
              }
            ],
            "serviceexperience": [
              {
                "type": 0,
                "experience": "greater than 5 years"
              },
              {
                "type": 1,
                "experience": "greater than 5 years"
              }
            ],
            "avgyearlytransactions": 11,
            "avgtransactionvalue": 10000,
            "xpectofields": [],
            "customfields": [],
            "key": "I000000000000002",
            "modified": "2022-10-04T15:24:23Z"
          }
        ],
        "events": [
          {
            "date": "2016-01-01T00:00:00Z",
            "category": "Vermittlungsvertrag",
            "subject": "Vermittlungsvertrag",
            "file": "files\\E100000000000015_Rahmenvermittlungsvertrag.pdf",
            "public": true,
            "xpectofields": [],
            "customfields": [],
            "key": "E000000000000015",
            "modified": "2022-10-04T15:24:30Z"
          },
          {
            "date": "2016-01-01T00:00:00Z",
            "category": "Fragebogen31WpHG",
            "subject": "Fragebogen 31W",
            "file": "files\\E100000000000016_Fragebogen.pdf",
            "public": true,
            "xpectofields": [],
            "customfields": [],
            "key": "E000000000000016",
            "modified": "2022-10-04T15:24:31Z"
          },
          {
            "date": "2016-01-01T00:00:00Z",
            "category": "Fragebogen31WpHG",
            "subject": "Fragebogen Kenntnisse und Erfahrung",
            "file": "files\\E100000000000017_Fragebogen.pdf",
            "public": true,
            "xpectofields": [],
            "customfields": [],
            "key": "E000000000000017",
            "modified": "2022-10-04T15:24:32Z"
          },
          {
            "date": "2016-01-01T00:00:00Z",
            "category": "Vermittlungsvertrag",
            "subject": "Rahmenvermittlungsvertrag",
            "file": "files\\E100000000000018_Rahmenvermittlungsvertrag.pdf",
            "public": true,
            "comment": "Elektronisch befüllt.",
            "xpectofields": [],
            "customfields": [],
            "key": "E000000000000018",
            "modified": "2022-10-04T15:24:32Z"
          },
          {
            "date": "2016-01-01T00:00:00Z",
            "category": "Info23aKWG",
            "subject": "23a KWG  Info",
            "file": "files\\E100000000000019_23aKWGInfo.pdf",
            "public": true,
            "xpectofields": [],
            "customfields": [],
            "key": "E000000000000019",
            "modified": "2022-10-04T15:24:33Z"
          },
          {
            "date": "2016-01-01T00:00:00Z",
            "category": "Legitimation",
            "subject": "Legitimation  POSTIDENT",
            "file": "files\\O00001C36_E100000000000014_result.pdf",
            "public": false,
            "xpectofields": [],
            "customfields": [],
            "key": "E000000000000020",
            "modified": "2022-10-04T15:24:30Z"
          },
          {
            "date": "2016-01-01T00:00:00Z",
            "category": "Fragebogen31WpHG",
            "subject": "Fragebogen 31W",
            "file": "files\\E100000000000021_Fragebogen.pdf",
            "public": true,
            "xpectofields": [],
            "customfields": [],
            "key": "E000000000000021",
            "modified": "2022-10-04T15:24:34Z"
          },
          {
            "date": "2016-01-01T00:00:00Z",
            "category": "Info23aKWG",
            "subject": "23a KWG  Info",
            "file": "files\\E100000000000022_23aKWGInfo.pdf",
            "public": true,
            "xpectofields": [],
            "customfields": [],
            "key": "E000000000000022",
            "modified": "2022-10-04T15:24:34Z"
          },
          {
            "date": "2016-01-01T00:00:00Z",
            "category": "Info23aKWG",
            "subject": "23a KWG  Info",
            "file": "files\\E100000000000023_23aKWGInfo.pdf",
            "public": true,
            "xpectofields": [],
            "customfields": [],
            "key": "E000000000000023",
            "modified": "2022-10-04T15:24:35Z"
          }
        ],
        "properties": [
          {
            "date": "2016-01-01T00:00:00Z",
            "property": "Vermittlungsvertrag",
            "public": false,
            "validfrom": "2016-01-01",
            "comment": "Web, IP-Addresse:127.0.0.0",
            "xpectofields": [],
            "customfields": [],
            "key": "P000000000000006",
            "modified": "2022-10-04T15:24:21Z"
          },
          {
            "date": "2016-01-01T00:00:00Z",
            "property": "AGB",
            "public": false,
            "validfrom": "2016-01-01",
            "comment": "Web, IP-Addresse:127.0.0.0",
            "xpectofields": [],
            "customfields": [],
            "key": "P000000000000007",
            "modified": "2022-10-04T15:24:22Z"
          },
          {
            "date": "2016-01-01T00:00:00Z",
            "property": "§23a",
            "public": false,
            "validfrom": "2016-01-01",
            "comment": "Web, IP-Addresse:127.0.0.0",
            "xpectofields": [],
            "customfields": [],
            "key": "P000000000000008",
            "modified": "2022-10-04T15:24:22Z"
          },
          {
            "date": "2016-01-01T00:00:00Z",
            "property": "Datenschutzbestimmungen",
            "public": false,
            "validfrom": "2016-01-01",
            "comment": "Web, IP-Addresse:127.0.0.0",
            "xpectofields": [],
            "customfields": [],
            "key": "P000000000000009",
            "modified": "2022-10-04T15:24:23Z"
          }
        ],
        "customfields": [],
        "customobjects": [],
        "key": "K0000000000002",
        "modified": "2022-10-04T15:24:09Z"
      },
      "events": [
        {
          "date": "2016-01-01T00:00:00Z",
          "category": "Vermittlungsvertrag",
          "subject": "Vermittlungsvertrag",
          "file": "files\\E100000000000024_Rahmenvermittlungsvertrag.pdf",
          "public": true,
          "xpectofields": [],
          "customfields": [],
          "key": "E000000000000024",
          "modified": "2022-10-04T15:24:35Z"
        }
      ],
      "properties": [
        {
          "date": "2016-01-01T00:00:00Z",
          "property": "Zeichnung",
          "public": false,
          "validfrom": "2016-01-01",
          "comment": "Web, IP-Addresse:127.0.0.0",
          "xpectofields": [],
          "customfields": [],
          "key": "P000000000000020",
          "modified": "2022-10-04T15:24:28Z"
        }
      ],
      "customfields": [],
      "customobjects": [],
      "key": "V1000000000002",
      "modified": "2022-10-04T15:24:24Z"
    }
  ]
}